Filepath,Frequency of dog,Exection time in seconds
.\test1.txt,3,0.002688410000000002
.\test2.txt,1,0.001388718000000004
.\test4.txt,1000,0.022055384999999997
.\test_large.txt,640,5.784427898000001
.\test_large_2mil.txt,1280,11.541386666
.\test_random_book.txt,10,0.09922379500000034
.\test3.log,0,0.0020106660000003274
